{
  "task": "MMN",
  "dv": "mmn_amplitude",
  "n_subjects": 39,
  "n_observations": 35476,
  "models": {
    "baseline": {
      "predictors": [
        "stimulus"
      ],
      "mean_mse": 2.3283307769920623e-11,
      "std_mse": 9.136249417070042e-12,
      "median_mse": 2.2286740826312596e-11,
      "mean_r2": -0.005596888294553537,
      "std_r2": 0.013490338821763117,
      "fold_mses": [
        1.0483978900701162e-11,
        2.8567347069223564e-11,
        2.2286740826312596e-11,
        1.9574419916650224e-11,
        2.4140561663050357e-11,
        1.59063810657682e-11,
        2.894926839256586e-11,
        2.2151362268873065e-11,
        1.7973259660121747e-11,
        2.4255790216541682e-11,
        2.459854608510442e-11,
        1.386000705794437e-11,
        1.7365570729307464e-11,
        2.2009750420818173e-11,
        3.463832854189674e-11,
        1.1244552523848863e-11,
        1.970460941852768e-11,
        2.4082308680375118e-11,
        1.3442528938822036e-11,
        1.3777504124524803e-11,
        2.1756388417218644e-11,
        1.8017973969778016e-11,
        2.2811480925239004e-11,
        1.9529812887768336e-11,
        2.2571330579785934e-11,
        2.319241545112287e-11,
        2.1937485158730847e-11,
        4.222076784171833e-11,
        5.885042507617531e-11,
        2.423902475995879e-11,
        1.9100117170698678e-11,
        1.2543463378102305e-11,
        3.778124030455196e-11,
        1.2939574020193728e-11,
        2.5526245556070973e-11,
        2.341652500069191e-11,
        3.5368211488642294e-11,
        2.8967599917719215e-11,
        2.8266104621759112e-11
      ],
      "fold_r2s": [
        0.0019461794467560134,
        0.010738488226674003,
        -0.006454059679069868,
        -0.028174910354175298,
        0.00541726426376965,
        -0.04130841261539886,
        -0.03494483555135419,
        -0.008825729871482446,
        0.0035079512692733905,
        0.006069978026648881,
        0.003246197139854856,
        -0.006807701276857925,
        0.006069359455919465,
        -0.015526060062466929,
        0.002254213740022659,
        -0.0062256816897436895,
        -0.021650422747822695,
        0.0026653520714250423,
        -0.002022797545212063,
        -0.008760419977773104,
        -0.021168254184217306,
        -0.03068882487640301,
        0.006218630308064799,
        -0.0035162132731094697,
        0.003613904286701608,
        -0.012191823273186131,
        -0.004909148137691055,
        -0.011880901015063783,
        0.0034500002094237647,
        0.004023345463830208,
        0.0011863005700148976,
        0.006296934087652528,
        0.00591173983372606,
        -0.00011774245495432822,
        -0.002324529013969512,
        0.013687049581355026,
        0.008542361213963234,
        -0.03194805500308129,
        -0.013677370079631102
      ]
    },
    "static_shannon": {
      "predictors": [
        "stimulus",
        "static_shannon"
      ],
      "mean_mse": 2.3280129759720547e-11,
      "std_mse": 9.144356740641157e-12,
      "median_mse": 2.228245504205997e-11,
      "mean_r2": -0.00545090271046933,
      "std_r2": 0.013108559051347227,
      "fold_mses": [
        1.0480689033601717e-11,
        2.8571963663926758e-11,
        2.228245504205997e-11,
        1.958846626682503e-11,
        2.414369612598006e-11,
        1.593438134922628e-11,
        2.873145641254669e-11,
        2.210730197097706e-11,
        1.7977705162509576e-11,
        2.4257944698676383e-11,
        2.459936930457916e-11,
        1.3863654467684964e-11,
        1.7364664899235236e-11,
        2.2010075139462966e-11,
        3.463416206375848e-11,
        1.1249129643832609e-11,
        1.9708756321638368e-11,
        2.4082393982233325e-11,
        1.3443830791481071e-11,
        1.3777725655909295e-11,
        2.1752429472221875e-11,
        1.801036210269641e-11,
        2.281694311664599e-11,
        1.9557381529408764e-11,
        2.257249143156721e-11,
        2.3201909915512786e-11,
        2.1942866582847678e-11,
        4.2199319508383726e-11,
        5.899829626057344e-11,
        2.4238467484818498e-11,
        1.9093326599129447e-11,
        1.254325160970086e-11,
        3.777020763284492e-11,
        1.2939276427275869e-11,
        2.552848453368142e-11,
        2.339961040026494e-11,
        3.5374586462081677e-11,
        2.8899252144197155e-11,
        2.827677541910367e-11
      ],
      "fold_r2s": [
        0.002259368213999191,
        0.010578619708107695,
        -0.006260516576757302,
        -0.02891271535137463,
        0.005288125482360906,
        -0.04314144620109994,
        -0.027157993383696954,
        -0.006819119097672299,
        0.0032614791286679212,
        0.005981693767246665,
        0.0032128395934698517,
        -0.0070726535385119416,
        0.006121205276477304,
        -0.01554104252431543,
        0.0023742277874950757,
        -0.006635268079780321,
        -0.021865432608010105,
        0.002661819415986977,
        -0.002119839258816425,
        -0.008776640048581141,
        -0.020982435248039222,
        -0.03025340043020175,
        0.0059806701302164145,
        -0.004932795143251845,
        0.003562659785631639,
        -0.012606192325951726,
        -0.005155659635516896,
        -0.011366861124996852,
        0.0009460076114052862,
        0.004046243787313886,
        0.0015414039366430377,
        0.006313710547505513,
        0.0062020280649707216,
        -9.474108282914173e-05,
        -0.002412445671118979,
        0.014399498992690885,
        0.008363655086412347,
        -0.029513219112285327,
        -0.014060045582096947
      ],
      "vs_baseline": {
        "mse_reduction_pct": 0.013649307183844786,
        "t_stat": -0.43604264035973944,
        "p_val": 0.6652730650375522
      }
    },
    "adaptive_shannon_w20": {
      "predictors": [
        "stimulus",
        "adaptive_shannon_w20"
      ],
      "mean_mse": 2.3284962599882134e-11,
      "std_mse": 9.136217870409282e-12,
      "median_mse": 2.2292435403872674e-11,
      "mean_r2": -0.005670453289790198,
      "std_r2": 0.013555382862542658,
      "fold_mses": [
        1.0485800497307716e-11,
        2.8564952394547777e-11,
        2.2292435403872674e-11,
        1.9577337931779862e-11,
        2.4149232889117555e-11,
        1.5904961478929073e-11,
        2.89848017852516e-11,
        2.215050298215465e-11,
        1.797271666551006e-11,
        2.4259187389255727e-11,
        2.460122612618044e-11,
        1.3862354924521787e-11,
        1.7363860565651336e-11,
        2.200806712897633e-11,
        3.463865961354531e-11,
        1.1246009758400872e-11,
        1.9707130211483277e-11,
        2.4081863459279655e-11,
        1.3443072160971435e-11,
        1.3776372281679692e-11,
        2.17545578855779e-11,
        1.8018112999368295e-11,
        2.2809221985303708e-11,
        1.9535345335900924e-11,
        2.257108076768724e-11,
        2.3195399207408774e-11,
        2.1935461867985753e-11,
        4.221850581168801e-11,
        5.884763699206658e-11,
        2.4250124819437324e-11,
        1.9098742709435687e-11,
        1.254120804286807e-11,
        3.7780749784209314e-11,
        1.294259936280985e-11,
        2.5526448046138105e-11,
        2.3416390837250724e-11,
        3.536732449202234e-11,
        2.8969548066975472e-11,
        2.8264536732852292e-11
      ],