{
  "task": "P3",
  "dv": "p3b_amplitude",
  "n_subjects": 39,
  "n_observations": 6410,
  "models": {
    "baseline": {
      "predictors": [
        "stimulus"
      ],
      "mean_mse": 4.2273177634524585e-11,
      "std_mse": 2.1029272654079376e-11,
      "median_mse": 3.6059437488480674e-11,
      "mean_r2": -0.2735137428953734,
      "std_r2": 0.5685040173707114,
      "fold_mses": [
        2.537802517853581e-11,
        9.054130079233554e-11,
        6.349506692256217e-11,
        2.375550186621086e-11,
        2.0469136811788197e-11,
        7.155577094686615e-11,
        3.3072377585996334e-11,
        3.4800569315125354e-11,
        7.74956390233745e-11,
        2.1679182492340078e-11,
        3.68881967104917e-11,
        1.0558230543349849e-11,
        2.2581676003852393e-11,
        2.5956611393463834e-11,
        5.183728759006197e-11,
        3.819486916215118e-11,
        5.991213954405324e-11,
        4.3648438834927116e-11,
        2.944686114355198e-11,
        2.1830269510591086e-11,
        3.318206392143834e-11,
        6.908938369750142e-11,
        3.346889711322417e-11,
        4.2976953961855473e-11,
        4.042246083950121e-11,
        1.8083668674466174e-11,
        3.185566825041339e-11,
        3.6059437488480674e-11,
        8.925493508389858e-11,
        2.915613757653532e-11,
        2.8073115357912506e-11,
        2.2936241263908655e-11,
        2.8803706166205504e-11,
        4.341699931484279e-11,
        6.020752634668163e-11,
        4.223755368393869e-11,
        5.126597267448925e-11,
        4.9938424743522376e-11,
        9.512763021601329e-11
      ],
      "fold_r2s": [
        0.05278593781595531,
        -0.8950061776705696,
        -0.008695080733124527,
        0.13126998724334682,
        0.039687664771165365,
        -0.06989463363270842,
        0.013448470032573434,
        -0.3009078349753249,
        -1.973797876739983,
        -0.04264782347965923,
        -0.25679182239641407,
        -0.21124798846620196,
        -0.08443426475216564,
        -0.08455496927825146,
        -0.3879258921678084,
        -0.08588991770301813,
        -2.793589630375797,
        -0.3424154071718164,
        -0.07591208863360266,
        -0.07906779117542517,
        -0.2718409458179212,
        -0.13765237838565847,
        -0.21707615495251953,
        0.006540240659912211,
        -0.2802371614505281,
        0.0035972385983440436,
        -0.2866078221503823,
        -0.04621462955266109,
        -0.08330007977712484,
        0.030307768526755874,
        -0.022245268604043744,
        -0.4791500834686533,
        0.117471755488324,
        -0.011226172867257356,
        -1.3735999707176672,
        0.10351995902043698,
        -0.047220383870265614,
        -0.18657206830912787,
        -0.02994267580069665
      ]
    },
    "static_shannon": {
      "predictors": [
        "stimulus",
        "static_shannon"
      ],
      "mean_mse": 4.239182095484455e-11,
      "std_mse": 2.1003019168158438e-11,
      "median_mse": 3.6064377060400085e-11,
      "mean_r2": -0.27761918066261515,
      "std_r2": 0.5681569116736263,
      "fold_mses": [
        2.5372992006647776e-11,
        9.056648132997602e-11,
        6.339557340570002e-11,
        2.426154956406426e-11,
        2.044611980477301e-11,
        7.154489133293826e-11,
        3.3071796000737404e-11,
        3.479385623294308e-11,
        7.788210713970323e-11,
        2.1683021593341938e-11,
        3.6889510147149004e-11,
        1.0548098810873129e-11,
        2.258080239668605e-11,
        2.5941554489256063e-11,
        5.1843799732571605e-11,
        3.819059095167303e-11,
        5.990258212315948e-11,
        4.3648237341119884e-11,
        2.944739115696023e-11,
        2.182624895792971e-11,
        3.3173556715421356e-11,
        6.90848078186114e-11,
        3.346822037456579e-11,
        4.299835530241099e-11,
        4.0427625906162204e-11,
        1.8077615406199015e-11,
        3.1850989862909284e-11,
        3.6064377060400085e-11,
        8.936231660109922e-11,
        2.9155459157094945e-11,
        3.159201037810043e-11,
        2.2931893080298586e-11,
        2.879309300862506e-11,
        4.3469117647916415e-11,
        6.020262144817972e-11,
        4.222062035162114e-11,
        5.1269901248783606e-11,
        4.9932112225039106e-11,
        9.536911912729622e-11
      ],
      "fold_r2s": [
        0.052973796845812715,
        -0.8955331998578824,
        -0.007114507219498689,
        0.11276400806060594,
        0.040767510783235705,
        -0.06973196274811855,
        0.01346581876492614,
        -0.3006568878965954,
        -1.9886281056180164,
        -0.04283246283610742,
        -0.25683657157358564,
        -0.21008566865023304,
        -0.08439231173038997,
        -0.08392584092120403,
        -0.3881002525871666,
        -0.08576828708283446,
        -2.792984461989696,
        -0.34240921019436454,
        -0.07593145395170176,
        -0.07886905570504932,
        -0.27151487167821364,
        -0.1375770302030026,
        -0.21705154576144103,
        0.006045525034958588,
        -0.28040074650060776,
        0.00393077120864993,
        -0.2864188683381277,
        -0.04635794438965668,
        -0.0846033848105181,
        0.030330331805560773,
        -0.1503811644332027,
        -0.4788696706461788,
        0.11779693625756771,
        -0.012440061973413297,
        -1.3734066017545667,
        0.10387936417357513,
        -0.04730063365127957,
        -0.18642207843356817,
        -0.032557265640663635
      ],
      "vs_baseline": {
        "mse_reduction_pct": -0.28065862790279306,
        "t_stat": 1.3010120142798782,
        "p_val": 0.20108827390413775
      }
    },
    "adaptive_shannon_w20": {
      "predictors": [
        "stimulus",
        "adaptive_shannon_w20"
      ],
      "mean_mse": 4.226843410438583e-11,
      "std_mse": 2.100235501337533e-11,
      "median_mse": 3.61998383809482e-11,
      "mean_r2": -0.273554994051669,
      "std_r2": 0.5679736286059399,
      "fold_mses": [
        2.5404273361438106e-11,
        9.053129027444027e-11,
        6.337421000610427e-11,
        2.4463392487253462e-11,
        2.0262493827491698e-11,
        7.15647197977253e-11,
        3.3135755032696123e-11,
        3.470575991682837e-11,
        7.730880941233902e-11,
        2.1680475753696158e-11,
        3.6886389160705823e-11,
        1.056742111464527e-11,
        2.2512678001969384e-11,
        2.6058917865725795e-11,
        5.1816661493569676e-11,
        3.8145156508161834e-11,
        5.994524688858355e-11,
        4.358433082791001e-11,
        2.9397946637645856e-11,
        2.1819115228740954e-11,
        3.3224066170541996e-11,
        6.905897746728188e-11,
        3.337312704256116e-11,
        4.2928420945338406e-11,
        4.0551428949505906e-11,
        1.8072364565896875e-11,
        3.1895950150290694e-11,
        3.61998383809482e-11,
        8.911097389373037e-11,
        2.9023033446863818e-11,
        2.7901673070138717e-11,
        2.308179868267837e-11,
        2.8741167444374502e-11,
        4.339872139507531e-11,
        6.01363140565923e-11,
        4.2284909670775834e-11,
        5.128287926639259e-11,
        4.985194156964837e-11,
        9.518630030474136e-11
      ],