{
  "mmn_amplitude": {
    "baseline": {
      "aic": -768603.3953615333,
      "bic": -768569.4889147712,
      "llf": 384305.69768076664,
      "converged": false
    },
    "static_shannon": {
      "aic": -768604.7887859629,
      "bic": -768562.4057275103,
      "llf": 384307.3943929814,
      "delta_aic": -1.3934244295815006,
      "delta_bic": 7.08318726089783,
      "lr_stat": 3.3934244295815006,
      "lr_pval": 0.0654568711390261,
      "beta": 2.8756298788374617e-06,
      "beta_se": 1.5627153380623844e-06,
      "converged": false
    },
    "adaptive_shannon_w20": {
      "aic": -768601.572909951,
      "bic": -768559.1898514985,
      "llf": 384305.7864549755,
      "delta_aic": 1.8224515822948888,
      "delta_bic": 10.29906327277422,
      "lr_stat": 0.1775484177051112,
      "lr_pval": 0.6734886121296255,
      "beta": -3.4854603328514654e-08,
      "beta_se": 8.281584990371435e-08,
      "converged": false
    },
    "bayesian_surprise": {
      "aic": -768607.2686022671,
      "bic": -768564.8855438146,
      "llf": 384308.63430113357,
      "delta_aic": -3.8732407338684425,
      "delta_bic": 4.603370956610888,
      "lr_stat": 5.8732407338684425,
      "lr_pval": 0.015372726988755026,
      "beta": -6.346429151652728e-08,
      "beta_se": 2.6274798369756385e-08,
      "converged": false
    },
    "changepoint_surprise": {
      "aic": -768605.6928116789,
      "bic": -768563.3097532263,
      "llf": 384307.84640583943,
      "delta_aic": -2.297450145590119,
      "delta_bic": 6.179161544889212,
      "lr_stat": 4.297450145590119,
      "lr_pval": 0.038169560316345774,
      "beta": -4.144961349972814e-07,
      "beta_se": 2.0006654249943015e-07,
      "converged": true
    }
  },
  "p3b_amplitude": {
    "baseline": {
      "aic": -759531.8635543562,
      "bic": -759497.9571075941,
      "llf": 379769.9317771781,
      "converged": false
    },
    "static_shannon": {
      "aic": -759530.5889268911,
      "bic": -759488.2058684386,
      "llf": 379770.29446344555,
      "delta_aic": 1.2746274650562555,
      "delta_bic": 9.751239155535586,
      "lr_stat": 0.7253725349437445,
      "lr_pval": 0.39438725475745284,
      "beta": 1.5113145643099591e-06,
      "beta_se": 1.7757479972212248e-06,
      "converged": false
    },
    "adaptive_shannon_w20": {
      "aic": -759530.2398581975,
      "bic": -759487.856799745,
      "llf": 379770.11992909876,
      "delta_aic": 1.6236961586400867,
      "delta_bic": 10.100307849119417,
      "lr_stat": 0.37630384135991335,
      "lr_pval": 0.5395880263004504,
      "beta": 5.7764245866150027e-08,
      "beta_se": 9.410498454037441e-08,
      "converged": true
    },
    "bayesian_surprise": {
      "aic": -759530.0343865904,
      "bic": -759487.6513281378,
      "llf": 379770.0171932952,
      "delta_aic": 1.8291677657980472,
      "delta_bic": 10.305779456277378,
      "lr_stat": 0.17083223420195282,
      "lr_pval": 0.679373231550821,
      "beta": -1.2257752904442377e-08,
      "beta_se": 2.984781125335814e-08,
      "converged": false
    },
    "changepoint_surprise": {
      "aic": -759530.2078822949,
      "bic": -759487.8248238424,
      "llf": 379770.10394114745,
      "delta_aic": 1.6556720612570643,
      "delta_bic": 10.132283751736395,
      "lr_stat": 0.34432793874293566,
      "lr_pval": 0.5573416432553175,
      "beta": -1.33316289808656e-07,
      "beta_se": 2.2734964080079125e-07,
      "converged": false
    }
  }
}