{
  "mmn_amplitude": {
    "baseline": {
      "aic": -139243.0708503549,
      "bic": -139216.00839215526,
      "llf": 69625.53542517746,
      "converged": true
    },
    "static_shannon": {
      "aic": -139241.67374092626,
      "bic": -139207.84566817668,
      "llf": 69625.83687046313,
      "delta_aic": 1.3971094286534935,
      "delta_bic": 8.162723978573922,
      "lr_stat": 0.6028905713465065,
      "lr_pval": 0.4374772626602046,
      "beta": 3.9215113178120007e-07,
      "beta_se": 5.050245567690445e-07,
      "converged": true
    },
    "adaptive_shannon_w20": {
      "aic": -139241.1312502537,
      "bic": -139207.30317750413,
      "llf": 69625.56562512685,
      "delta_aic": 1.9396001012064517,
      "delta_bic": 8.70521465112688,
      "lr_stat": 0.060399898793548346,
      "lr_pval": 0.8058649970120326,
      "beta": 4.4316426677583266e-08,
      "beta_se": 1.8031704946418534e-07,
      "converged": true
    },
    "bayesian_surprise": {
      "aic": -139241.1235821253,
      "bic": -139207.29550937572,
      "llf": 69625.56179106265,
      "delta_aic": 1.947268229618203,
      "delta_bic": 8.712882779538631,
      "lr_stat": 0.052731770381797105,
      "lr_pval": 0.8183761906528154,
      "beta": 1.4683867129515866e-08,
      "beta_se": 6.394575689563419e-08,
      "converged": true
    },
    "changepoint_surprise": {
      "aic": -139241.10402438522,
      "bic": -139207.27595163565,
      "llf": 69625.55201219261,
      "delta_aic": 1.966825969691854,
      "delta_bic": 8.732440519612283,
      "lr_stat": 0.03317403030814603,
      "lr_pval": 0.8554749033151199,
      "beta": 4.660866898619466e-08,
      "beta_se": 2.558902575508351e-07,
      "converged": true
    }
  },
  "p3b_amplitude": {
    "baseline": {
      "aic": -136403.81843879793,
      "bic": -136376.75598059827,
      "llf": 68205.90921939896,
      "converged": true
    },
    "static_shannon": {
      "aic": -136402.11694966996,
      "bic": -136368.2888769204,
      "llf": 68206.05847483498,
      "delta_aic": 1.7014891279686708,
      "delta_bic": 8.4671036778891,
      "lr_stat": 0.2985108720313292,
      "lr_pval": 0.5848174797025465,
      "beta": -3.462021664824457e-07,
      "beta_se": 6.33644829644632e-07,
      "converged": true
    },
    "adaptive_shannon_w20": {
      "aic": -136403.57809223322,
      "bic": -136369.75001948365,
      "llf": 68206.78904611661,
      "delta_aic": 0.2403465647075791,
      "delta_bic": 7.005961114628008,
      "lr_stat": 1.759653435292421,
      "lr_pval": 0.1846677488781564,
      "beta": 2.9807176180054794e-07,
      "beta_se": 2.24686434920889e-07,
      "converged": true
    },
    "bayesian_surprise": {
      "aic": -136405.86662911111,
      "bic": -136372.03855636154,
      "llf": 68207.93331455556,
      "delta_aic": -2.0481903131876606,
      "delta_bic": 4.717424236732768,
      "lr_stat": 4.048190313187661,
      "lr_pval": 0.044218723776329516,
      "beta": 1.6046330320421304e-07,
      "beta_se": 7.973948539802103e-08,
      "converged": true
    },
    "changepoint_surprise": {
      "aic": -136407.46976530552,
      "bic": -136373.64169255595,
      "llf": 68208.73488265276,
      "delta_aic": -3.6513265075918753,
      "delta_bic": 3.1142880423285533,
      "lr_stat": 5.651326507591875,
      "lr_pval": 0.017442173067678146,
      "beta": 7.583700333218657e-07,
      "beta_se": 3.189394375388628e-07,
      "converged": true
    }
  }
}