static_shannon,adaptive_shannon_w20,bayesian_surprise,changepoint_surprise
70.2515784375414,17.34357427522042,1.1331464116872498,105.88352401091764
