static_shannon,adaptive_shannon_w20,bayesian_surprise,changepoint_surprise
28.60593185802947,23.160808244835152,1.4047593551862243,59.57734924964863
