{
  "sub-001": {
    "n_trials": 842,
    "n_deviants": 167,
    "static_shannon_std": 0.8034920289164337,
    "adaptive_shannon_w20_std": 0.7967523962557786,
    "bayesian_surprise_std": 0.017928479424387637,
    "changepoint_surprise_std": 0.7994436233416101
  },
  "sub-002": {
    "n_trials": 810,
    "n_deviants": 164,
    "static_shannon_std": 0.7947745607484239,
    "adaptive_shannon_w20_std": 0.7802696036907293,
    "bayesian_surprise_std": 0.01672630017313571,
    "changepoint_surprise_std": 0.7600724099049033
  },
  "sub-003": {
    "n_trials": 920,
    "n_deviants": 186,
    "static_shannon_std": 0.7954018096623777,
    "adaptive_shannon_w20_std": 0.790783622869723,
    "bayesian_surprise_std": 0.015919163571633307,
    "changepoint_surprise_std": 0.7896699909529268
  },
  "sub-004": {
    "n_trials": 972,
    "n_deviants": 200,
    "static_shannon_std": 0.7877352322710695,
    "adaptive_shannon_w20_std": 0.7722559438503882,
    "bayesian_surprise_std": 0.014130264033628097,
    "changepoint_surprise_std": 0.7663111848792707
  },
  "sub-005": {
    "n_trials": 948,
    "n_deviants": 191,
    "static_shannon_std": 0.7968803072020321,
    "adaptive_shannon_w20_std": 0.7878742552618817,
    "bayesian_surprise_std": 0.016726483359261645,
    "changepoint_surprise_std": 0.8075785143319497
  },
  "sub-006": {
    "n_trials": 810,
    "n_deviants": 169,
    "static_shannon_std": 0.7815101637573169,
    "adaptive_shannon_w20_std": 0.7658749043960487,
    "bayesian_surprise_std": 0.017232257826108457,
    "changepoint_surprise_std": 0.767521991852312
  },
  "sub-007": {
    "n_trials": 144,
    "n_deviants": 26,
    "static_shannon_std": 0.839383445961553,
    "adaptive_shannon_w20_std": 0.908720013823409,
    "bayesian_surprise_std": 0.03798722262803064,
    "changepoint_surprise_std": 0.7887959660211524
  },
  "sub-008": {
    "n_trials": 901,
    "n_deviants": 175,
    "static_shannon_std": 0.812026052192951,
    "adaptive_shannon_w20_std": 0.7847677113063015,
    "bayesian_surprise_std": 0.016106620426289967,
    "changepoint_surprise_std": 0.7604659971007222
  },
  "sub-009": {
    "n_trials": 976,
    "n_deviants": 197,
    "static_shannon_std": 0.7961014191810127,
    "adaptive_shannon_w20_std": 0.7756866928288424,
    "bayesian_surprise_std": 0.015756557475435782,
    "changepoint_surprise_std": 0.7703791651134914
  },
  "sub-010": {
    "n_trials": 895,
    "n_deviants": 181,
    "static_shannon_std": 0.7952728463348323,
    "adaptive_shannon_w20_std": 0.7774832392903274,
    "bayesian_surprise_std": 0.01766971429047492,
    "changepoint_surprise_std": 0.8072671199017292
  },
  "sub-011": {
    "n_trials": 935,
    "n_deviants": 186,
    "static_shannon_std": 0.8022487108515982,
    "adaptive_shannon_w20_std": 0.8017225815223967,
    "bayesian_surprise_std": 0.01634624459325954,
    "changepoint_surprise_std": 0.774169470052552
  },
  "sub-013": {
    "n_trials": 978,
    "n_deviants": 199,
    "static_shannon_std": 0.7926293005382236,
    "adaptive_shannon_w20_std": 0.7792393507350468,
    "bayesian_surprise_std": 0.016176008605600846,
    "changepoint_surprise_std": 0.7911447996603357
  },
  "sub-014": {
    "n_trials": 959,
    "n_deviants": 197,
    "static_shannon_std": 0.7884638208595268,
    "adaptive_shannon_w20_std": 0.768795500852934,
    "bayesian_surprise_std": 0.016214841609784224,
    "changepoint_surprise_std": 0.7379360586958537
  },
  "sub-015": {
    "n_trials": 977,
    "n_deviants": 199,
    "static_shannon_std": 0.7921848154905113,
    "adaptive_shannon_w20_std": 0.7706345766291102,
    "bayesian_surprise_std": 0.014346910038406933,
    "changepoint_surprise_std": 0.748581689820211
  },
  "sub-016": {
    "n_trials": 975,
    "n_deviants": 199,
    "static_shannon_std": 0.7912921261790875,
    "adaptive_shannon_w20_std": 0.7734036299019714,
    "bayesian_surprise_std": 0.014645263454553243,
    "changepoint_surprise_std": 0.7648261332175391
  },
  "sub-017": {
    "n_trials": 982,
    "n_deviants": 200,
    "static_shannon_std": 0.7922248697943135,
    "adaptive_shannon_w20_std": 0.7719160870270636,
    "bayesian_surprise_std": 0.0156318484750029,
    "changepoint_surprise_std": 0.776219615916256
  },
  "sub-018": {
    "n_trials": 882,
    "n_deviants": 178,
    "static_shannon_std": 0.7961654773374954,
    "adaptive_shannon_w20_std": 0.7746898492578996,
    "bayesian_surprise_std": 0.017063495253730056,
    "changepoint_surprise_std": 0.7819686813644239
  },
  "sub-019": {
    "n_trials": 985,
    "n_deviants": 200,
    "static_shannon_std": 0.7935476740721207,
    "adaptive_shannon_w20_std": 0.7774151320896694,
    "bayesian_surprise_std": 0.013750166350023497,
    "changepoint_surprise_std": 0.7703500651551826
  },
  "sub-020": {
    "n_trials": 967,
    "n_deviants": 198,
    "static_shannon_std": 0.789891294182013,
    "adaptive_shannon_w20_std": 0.774455673779589,
    "bayesian_surprise_std": 0.014645893655249907,
    "changepoint_surprise_std": 0.7638195694373556
  },
  "sub-021": {
    "n_trials": 983,
    "n_deviants": 199,
    "static_shannon_std": 0.794833293832824,
    "adaptive_shannon_w20_std": 0.7836772357775388,
    "bayesian_surprise_std": 0.01585644632517949,
    "changepoint_surprise_std": 0.7687001597005467
  },
  "sub-022": {
    "n_trials": 964,
    "n_deviants": 194,
    "static_shannon_std": 0.7973714774332851,
    "adaptive_shannon_w20_std": 0.7740383801135508,
    "bayesian_surprise_std": 0.01423308486695266,
    "changepoint_surprise_std": 0.7558211171045779
  },
  "sub-023": {
    "n_trials": 976,
    "n_deviants": 196,
    "static_shannon_std": 0.7982705486832655,
    "adaptive_shannon_w20_std": 0.7818228507357816,
    "bayesian_surprise_std": 0.017535682101862488,
    "changepoint_surprise_std": 0.8090323030431881
  },
  "sub-024": {
    "n_trials": 970,
    "n_deviants": 195,
    "static_shannon_std": 0.7978239683606592,
    "adaptive_shannon_w20_std": 0.7671726909875718,
    "bayesian_surprise_std": 0.017025439130404132,
    "changepoint_surprise_std": 0.8015481651831214
  },
  "sub-025": {
    "n_trials": 850,
    "n_deviants": 177,
    "static_shannon_std": 0.7823926415292889,
    "adaptive_shannon_w20_std": 0.7634776456527109,
    "bayesian_surprise_std": 0.016315191996654897,
    "changepoint_surprise_std": 0.7585886622887599
  },
  "sub-026": {
    "n_trials": 973,
    "n_deviants": 199,
    "static_shannon_std": 0.7903944502684562,
    "adaptive_shannon_w20_std": 0.7728958556134331,
    "bayesian_surprise_std": 0.01649727066794276,
    "changepoint_surprise_std": 0.7761157895913166
  },
  "sub-027": {
    "n_trials": 956,
    "n_deviants": 196,
    "static_shannon_std": 0.7893254046851343,
    "adaptive_shannon_w20_std": 0.7770502483264357,
    "bayesian_surprise_std": 0.014311529402477183,
    "changepoint_surprise_std": 0.7533258909365008
  },
  "sub-028": {
    "n_trials": 982,
    "n_deviants": 200,
    "static_shannon_std": 0.7922248697943135,
    "adaptive_shannon_w20_std": 0.7637228632765862,
    "bayesian_surprise_std": 0.014523615740868924,
    "changepoint_surprise_std": 0.7778986083012129
  },
  "sub-029": {
    "n_trials": 913,
    "n_deviants": 189,
    "static_shannon_std": 0.7850445620519464,
    "adaptive_shannon_w20_std": 0.7661667459269078,
    "bayesian_surprise_std": 0.01489287804323765,
    "changepoint_surprise_std": 0.7476403928734265
  },
  "sub-030": {
    "n_trials": 782,
    "n_deviants": 151,
    "static_shannon_std": 0.8143570878008142,
    "adaptive_shannon_w20_std": 0.7872974325244432,
    "bayesian_surprise_std": 0.015847636762194257,
    "changepoint_surprise_std": 0.761391266526793
  },
  "sub-031": {
    "n_trials": 979,
    "n_deviants": 200,
    "static_shannon_std": 0.7908910346486565,
    "adaptive_shannon_w20_std": 0.7697084615223401,
    "bayesian_surprise_std": 0.014780589735227131,
    "changepoint_surprise_std": 0.7625169768118137
  },
  "sub-032": {
    "n_trials": 971,
    "n_deviants": 194,