trial,stimulus,static_shannon,adaptive_shannon_w10,adaptive_shannon_w20,adaptive_shannon_w50,bayesian_surprise,posterior_entropy,changepoint_surprise,changepoint_prob,run_length_mean,estimated_volatility
0,1,0.5849625007211563,1.0,1.0,1.0,0.1931471805599453,-0.1931471805599453,1.0,0.005,0.995,0.0454146923337941
1,1,0.5849625007211563,0.5849625007211563,0.5849625007211563,0.5849625007211563,0.07213177477483135,-0.4319456220014435,0.5867669975679042,0.004999999999999999,1.986264080100125,0.08089499409671376
2,0,1.584962500721156,2.0,2.0,2.0,0.3029610277865573,-0.2349066497880008,1.9910179458288113,0.005,2.9602979514670587,0.1701327332522061
3,0,1.584962500721156,1.3219280948873622,1.3219280948873622,1.3219280948873622,0.1329573985408219,-0.26786404832882216,1.30889675631681,0.005,3.9229393172182987,0.2722472848120498
4,1,0.5849625007211563,1.0,1.0,1.0,0.07648051389327826,-0.3443445622220995,1.0165320975006136,0.005,4.92122134348391,0.24236030087071675
5,1,0.5849625007211563,0.8073549220576042,0.8073549220576042,0.8073549220576042,0.05009197841161317,-0.43015082634799917,0.8122214691124185,0.004999999999999999,5.898177690579872,0.26240360333896584
6,0,1.584962500721156,1.415037499278844,1.415037499278844,1.415037499278844,0.0963054434879167,-0.44312293650258283,1.412178855154247,0.005,6.859020776445125,0.3198722484459594
7,1,0.5849625007211563,0.84799690655495,0.84799690655495,0.84799690655495,0.04215174426719903,-0.5074969029920062,0.8564179999400446,0.005,7.844091457794749,0.3216059208928038
8,1,0.5849625007211563,0.7369655941662062,0.7369655941662062,0.7369655941662062,0.03185736979773601,-0.5726876061230719,0.7398403290192924,0.005,8.807575511599422,0.35051315762864904
