{
  "regressor_comparison": {
    "stationary": {
      "correlation": {
        "adaptive_shannon_static_shannon": 0.9209696641375585,
        "adaptive_shannon_bayesian": 0.2255814431913372,
        "adaptive_shannon_changepoint": 0.960790022312542,
        "bayesian_static_shannon": 0.2381619683122203,
        "bayesian_changepoint": 0.24509440698194404,
        "changepoint_static_shannon": 0.9527689840130067
      },
      "vif": {
        "static_shannon": 10.893393907299442,
        "adaptive_shannon": 13.082640299029682,
        "bayesian": 1.0657113446681135,
        "changepoint": 21.610590914111484
      },
      "regressor_std": {
        "static_shannon": 0.7483930514406923,
        "adaptive_shannon": 0.7629044843722156,
        "bayesian": 0.016701002955228996,
        "changepoint": 0.6730902762034724
      }
    },
    "roving": {
      "correlation": {
        "adaptive_shannon_static_shannon": 0.7214080068227455,
        "adaptive_shannon_bayesian": 0.30742583466196266,
        "adaptive_shannon_changepoint": 0.9506084740047953,
        "bayesian_static_shannon": 0.22115142968381973,
        "bayesian_changepoint": 0.32559746933877004,
        "changepoint_static_shannon": 0.7659512621003439
      },
      "vif": {
        "static_shannon": 2.427480646239341,
        "adaptive_shannon": 10.392065778122548,
        "bayesian": 1.121089741275446,
        "changepoint": 12.239390615458069
      },
      "regressor_std": {
        "static_shannon": 0.6153560988485998,
        "adaptive_shannon": 0.7255485871212153,
        "bayesian": 0.018316588068663816,
        "changepoint": 0.7056790933527461
      },
      "change_points": [
        80,
        160,
        240,
        320,
        400,
        480,
        560,
        640,
        720
      ],
      "block_probs": [
        0.1,
        0.4,
        0.35,
        0.12,
        0.15,
        0.5,
        0.45
      ]
    }
  },
  "model_recovery": {
    "n_simulations": 500,
    "n_subjects": 39,
    "n_trials": 800,
    "noise_level": 1.0,
    "effect_size": 0.2,
    "confusion_matrix": [
      [
        0,
        138,
        223,
        139
      ],
      [
        0,
        410,
        2,
        88
      ],
      [
        0,
        0,
        500,
        0
      ],
      [
        0,
        99,
        7,
        394
      ]
    ],
    "model_names": [
      "static_shannon",
      "adaptive_shannon",
      "bayesian",
      "changepoint"
    ],
    "model_labels": [
      "Static Shannon",
      "Adaptive Shannon",
      "Bayesian",
      "Change-point"
    ],
    "recovery_rates": {
      "static_shannon": 0.0,
      "adaptive_shannon": 0.82,
      "bayesian": 1.0,
      "changepoint": 0.788
    },
    "overall_recovery": 0.6519999999999999,
    "mean_aic_diffs": {
      "static_shannon": {
        "static_shannon": 0.0,
        "adaptive_shannon": -0.9371995706326205,
        "bayesian": -1.0963026853308513,
        "changepoint": -0.9267130476294738
      },
      "adaptive_shannon": {
        "static_shannon": 16.232888783500943,
        "adaptive_shannon": 0.0,
        "bayesian": 14.359070737409537,
        "changepoint": 3.09069384616769
      },
      "bayesian": {
        "static_shannon": 31.441235744887038,
        "adaptive_shannon": 28.897906855927847,
        "bayesian": 0.0,
        "changepoint": 28.656788887532876
      },
      "changepoint": {
        "static_shannon": 14.087402877832055,
        "adaptive_shannon": 2.689158181978858,
        "bayesian": 12.250904824281802,
        "changepoint": 0.0
      }
    }
  },
  "effect_size_sweep": [
    {
      "effect_size": 0.05,
      "overall_recovery": 0.3475,
      "per_model": {
        "static_shannon": 0.0,
        "adaptive_shannon": 0.345,
        "bayesian": 0.635,
        "changepoint": 0.41
      },
      "confusion_matrix": [
        [
          0,
          64,
          82,
          54
        ],
        [
          0,
          69,
          66,
          65
        ],
        [
          0,
          27,
          127,
          46
        ],
        [
          0,
          55,
          63,
          82
        ]
      ]
    },
    {
      "effect_size": 0.1,
      "overall_recovery": 0.5487500000000001,
      "per_model": {
        "static_shannon": 0.0,
        "adaptive_shannon": 0.66,
        "bayesian": 0.94,
        "changepoint": 0.595
      },
      "confusion_matrix": [
        [
          0,
          59,
          68,
          73
        ],
        [
          0,
          132,
          18,
          50
        ],
        [
          0,
          5,
          188,
          7
        ],
        [
          0,
          54,
          27,
          119
        ]
      ]
    },
    {
      "effect_size": 0.15,
      "overall_recovery": 0.6,
      "per_model": {
        "static_shannon": 0.0,
        "adaptive_shannon": 0.7,
        "bayesian": 0.99,
        "changepoint": 0.71
      },
      "confusion_matrix": [
        [
          0,
          61,
          77,
          62
        ],
        [
          0,
          140,
          5,
          55
        ],
        [
          0,
          0,
          198,
          2
        ],
        [
          0,
          50,
          8,
          142
        ]
      ]
    },
    {
      "effect_size": 0.2,
      "overall_recovery": 0.66375,
      "per_model": {
        "static_shannon": 0.0,
        "adaptive_shannon": 0.825,
        "bayesian": 1.0,
        "changepoint": 0.83
      },
      "confusion_matrix": [
        [
          0,
          59,
          85,
          56
        ],
        [
          0,
          165,
          2,
          33
        ],
        [
          0,
          0,
          200,
          0
        ],
        [
          0,
          33,
          1,
          166
        ]
      ]
    },
    {
      "effect_size": 0.3,
      "overall_recovery": 0.7025,
      "per_model": {
        "static_shannon": 0.0,
        "adaptive_shannon": 0.925,
        "bayesian": 1.0,
        "changepoint": 0.885
      },
      "confusion_matrix": [
        [
          0,
          70,
          81,
          49
        ],
        [
          0,
          185,
          0,
          15
        ],
        [
          0,
          0,
          200,
          0
        ],
        [
          0,
          22,
          1,
          177
        ]
      ]
    },
    {
      "effect_size": 0.5,
      "overall_recovery": 0.74,
      "per_model": {
        "static_shannon": 0.0,
        "adaptive_shannon": 0.99,
        "bayesian": 1.0,
        "changepoint": 0.97
      },
      "confusion_matrix": [
        [
          0,
          68,
          74,
          58
        ],
        [
          0,
          198,
          0,
          2
        ],
        [
          0,
          0,
          200,
          0
        ],
        [
          0,
          6,
          0,
          194
        ]
      ]
    }
  ]
}